name,document,email
Ana Silva,279.956.220-58,ana.silva@example.com
Bruno Costa,234.567.890-11,bruno.costa@example.com
Carla Souza,345.678.901-22,carla.souza@example.com
Daniel Oliveira,456.789.012-33,daniel.oliveira@example.com
Eduardo Pereira,567.890.123-44,eduardo.pereira@example.com
Fernanda Lima,678.901.234-55,fernanda.lima@example.com
Gabriel Santos,789.012.345-66,gabriel.santos@example.com
Helena Rocha,890.123.456-77,helena.rocha@example.com
Isabel Martins,901.234.567-88,isabel.martins@example.com
João Alves,012.345.678-99,joao.alves@example.com
Karina Mendes,123.456.789-10,karina.mendes@example.com
Luís Fonseca,234.567.890-21,luis.fonseca@example.com
Mariana Castro,345.678.901-32,mariana.castro@example.com
Nina Ferreira,456.789.012-43,nina.ferreira@example.com
Otávio Ramos,567.890.123-54,otavio.ramos@example.com
